"areacode","areaname","sex","avg_mortality","avg_imd","avg_ethnicity"
"E07000223","Adur","Female",80.65,17.71,11.08
"E07000223","Adur","Male",167.60,17.71,11.08
"E07000032","Amber Valley","Female",98.59,18.07,4.97
"E07000032","Amber Valley","Male",188.31,18.07,4.97
"E07000224","Arun","Female",92.73,18.65,11.35
"E07000224","Arun","Male",189.48,18.65,11.35
"E07000170","Ashfield","Female",113.47,26.50,8.18
"E07000170","Ashfield","Male",223.68,26.50,8.18
"E07000105","Ashford","Female",77.43,18.57,17.38
"E07000105","Ashford","Male",167.38,18.57,17.38
"E07000200","Babergh","Female",68.11,14.44,6.42
"E07000200","Babergh","Male",130.16,14.44,6.42
"E09000002","Barking and Dagenham","Female",113.33,32.88,69.14
"E09000002","Barking and Dagenham","Male",252.39,32.88,69.14
"E09000003","Barnet","Female",65.10,15.95,63.84
"E09000003","Barnet","Male",139.37,15.95,63.84
"E08000016","Barnsley","Female",127.29,30.06,7.39
"E08000016","Barnsley","Male",221.52,30.06,7.39
"E07000066","Basildon","Female",100.58,22.81,17.87
"E07000066","Basildon","Male",185.38,22.81,17.87
"E07000084","Basingstoke and Deane","Female",81.53,12.67,18.14
"E07000084","Basingstoke and Deane","Male",158.89,12.67,18.14
"E07000171","Bassetlaw","Female",118.85,23.02,8.03
"E07000171","Bassetlaw","Male",200.87,23.02,8.03
"E06000022","Bath and North East Somerset","Female",69.72,12.05,14.44
"E06000022","Bath and North East Somerset","Male",157.07,12.05,14.44
"E06000055","Bedford","Female",91.18,19.10,35.87
"E06000055","Bedford","Male",179.84,19.10,35.87
"E09000004","Bexley","Female",90.12,15.88,35.55
"E09000004","Bexley","Male",177.64,15.88,35.55
"E08000025","Birmingham","Female",118.13,37.61,57.10
"E08000025","Birmingham","Male",248.46,37.61,57.10
"E07000129","Blaby","Female",74.93,10.92,17.66
"E07000129","Blaby","Male",160.51,10.92,17.66
"E06000008","Blackburn with Darwen","Female",152.74,35.81,43.13
"E06000008","Blackburn with Darwen","Male",273.42,35.81,43.13
"E06000009","Blackpool","Female",179.61,45.91,9.64
"E06000009","Blackpool","Male",347.17,45.91,9.64
"E07000033","Bolsover","Female",120.30,25.01,6.75
"E07000033","Bolsover","Male",220.81,25.01,6.75
"E08000001","Bolton","Female",126.85,30.15,31.25
"E08000001","Bolton","Male",238.80,30.15,31.25
"E07000136","Boston","Female",113.07,22.85,25.48
"E07000136","Boston","Male",217.25,22.85,25.48
"E06000058","Bournemouth, Christchurch and Poole","Female",92.35,17.87,17.64
"E06000058","Bournemouth, Christchurch and Poole","Male",190.11,17.87,17.64
"E06000036","Bracknell Forest","Female",79.77,10.28,22.19
"E06000036","Bracknell Forest","Male",152.64,10.28,22.19
"E08000032","Bradford","Female",125.95,33.89,43.28
"E08000032","Bradford","Male",240.88,33.89,43.28
"E07000067","Braintree","Female",84.06,14.79,9.65
"E07000067","Braintree","Male",159.17,14.79,9.65
"E07000143","Breckland","Female",84.76,19.62,11.28
"E07000143","Breckland","Male",167.68,19.62,11.28
"E09000005","Brent","Female",79.96,25.20,84.81
"E09000005","Brent","Male",187.72,25.20,84.81
"E07000068","Brentwood","Female",80.22,10.04,17.33
"E07000068","Brentwood","Male",139.86,10.04,17.33
"E06000043","Brighton and Hove","Female",108.92,20.98,26.08
"E06000043","Brighton and Hove","Male",227.80,20.98,26.08
"E06000023","Bristol","Female",111.59,26.24,28.36
"E06000023","Bristol","Male",227.19,26.24,28.36
"E07000144","Broadland","Female",62.60,11.77,6.42
"E07000144","Broadland","Male",139.98,11.77,6.42
"E09000006","Bromley","Female",75.97,13.97,33.49
"E09000006","Bromley","Male",152.65,13.97,33.49
"E07000234","Bromsgrove","Female",73.50,11.62,9.59
"E07000234","Bromsgrove","Male",157.21,11.62,9.59
"E07000095","Broxbourne","Female",82.85,17.60,31.43
"E07000095","Broxbourne","Male",165.19,17.60,31.43
"E07000172","Broxtowe","Female",90.79,14.45,15.52
"E07000172","Broxtowe","Male",166.62,14.45,15.52
"E07000117","Burnley","Female",161.09,37.30,22.08
"E07000117","Burnley","Male",290.79,37.30,22.08
"E08000002","Bury","Female",126.85,23.25,21.83
"E08000002","Bury","Male",221.25,23.25,21.83
"E08000033","Calderdale","Female",125.76,26.73,17.25
"E08000033","Calderdale","Male",222.05,26.73,17.25
"E07000008","Cambridge","Female",82.53,15.43,47.01
"E07000008","Cambridge","Male",162.14,15.43,47.01
"E09000007","Camden","Female",95.45,19.98,64.62
"E09000007","Camden","Male",204.23,19.98,64.62
"E07000192","Cannock Chase","Female",117.69,20.89,5.48
"E07000192","Cannock Chase","Male",206.60,20.89,5.48
"E07000106","Canterbury","Female",90.78,17.57,17.49
"E07000106","Canterbury","Male",190.05,17.57,17.49
"E07000069","Castle Point","Female",94.99,16.84,7.35
"E07000069","Castle Point","Male",173.42,16.84,7.35
"E06000056","Central Bedfordshire","Female",78.62,11.97,16.48
"E06000056","Central Bedfordshire","Male",152.35,11.97,16.48
"E07000130","Charnwood","Female",89.54,13.34,22.08
"E07000130","Charnwood","Male",155.57,13.34,22.08
"E07000070","Chelmsford","Female",71.81,12.06,16.95
"E07000070","Chelmsford","Male",146.84,12.06,16.95
"E07000078","Cheltenham","Female",92.15,14.29,16.75
"E07000078","Cheltenham","Male",188.09,14.29,16.75
"E07000177","Cherwell","Female",86.78,14.47,22.11
"E07000177","Cherwell","Male",159.90,14.47,22.11
"E06000049","Cheshire East","Female",88.28,14.19,10.39
"E06000049","Cheshire East","Male",172.69,14.19,10.39
"E06000050","Cheshire West and Chester","Female",104.65,18.31,8.83
"E06000050","Cheshire West and Chester","Male",188.46,18.31,8.83
"E07000034","Chesterfield","Female",124.92,24.78,6.93
"E07000034","Chesterfield","Male",227.64,24.78,6.93
"E07000225","Chichester","Female",68.61,14.14,9.87
"E07000225","Chichester","Male",160.85,14.14,9.87
"E07000118","Chorley","Female",110.14,16.86,7.04
"E07000118","Chorley","Male",199.46,16.86,7.04
"E07000071","Colchester","Female",86.44,17.09,19.32
"E07000071","Colchester","Male",176.77,17.09,19.32
"E06000052","Cornwall","Female",88.80,23.32,6.39
"E06000052","Cornwall","Male",187.80,23.32,6.39
"E07000079","Cotswold","Female",64.82,10.97,8.02
"E07000079","Cotswold","Male",139.69,10.97,8.02
"E06000047","County Durham","Female",141.03,27.43,5.25
"E06000047","County Durham","Male",234.89,27.43,5.25
"E08000026","Coventry","Female",119.70,25.35,44.72
"E08000026","Coventry","Male",241.34,25.35,44.72
"E07000226","Crawley","Female",95.56,19.03,38.24
"E07000226","Crawley","Male",182.59,19.03,38.24
"E09000008","Croydon","Female",89.06,21.96,62.56
"E09000008","Croydon","Male",180.13,21.96,62.56
"E07000096","Dacorum","Female",82.00,12.81,21.26
"E07000096","Dacorum","Male",157.55,12.81,21.26
"E06000005","Darlington","Female",114.65,26.79,9.72
"E06000005","Darlington","Male",225.70,26.79,9.72
"E07000107","Dartford","Female",94.34,18.84,32.72
"E07000107","Dartford","Male",204.64,18.84,32.72
"E06000015","Derby","Female",119.67,25.27,33.78
"E06000015","Derby","Male",223.39,25.27,33.78
"E07000035","Derbyshire Dales","Female",74.01,11.84,4.49
"E07000035","Derbyshire Dales","Male",148.21,11.84,4.49
"E08000017","Doncaster","Female",127.86,30.10,13.38
"E08000017","Doncaster","Male",246.16,30.10,13.38
"E06000059","Dorset","Female",73.28,15.62,6.14
"E06000059","Dorset","Male",159.10,15.62,6.14
"E07000108","Dover","Female",102.77,22.09,9.71
"E07000108","Dover","Male",205.83,22.09,9.71
"E08000027","Dudley","Female",100.28,23.29,17.60
"E08000027","Dudley","Male",210.23,23.29,17.60
"E09000009","Ealing","Female",85.77,22.55,75.68
"E09000009","Ealing","Male",183.56,22.55,75.68
"E07000009","East Cambridgeshire","Female",74.39,11.54,13.52
"E07000009","East Cambridgeshire","Male",146.19,11.54,13.52
"E07000040","East Devon","Female",74.08,12.71,5.84
"E07000040","East Devon","Male",148.16,12.71,5.84
"E07000085","East Hampshire","Female",69.04,10.39,9.49
"E07000085","East Hampshire","Male",136.57,10.39,9.49
"E07000242","East Hertfordshire","Female",68.97,8.35,15.26
"E07000242","East Hertfordshire","Male",139.21,8.35,15.26
"E07000137","East Lindsey","Female",113.75,29.66,4.40
"E07000137","East Lindsey","Male",225.19,29.66,4.40
"E06000011","East Riding of Yorkshire","Female",88.26,15.80,5.37
"E06000011","East Riding of Yorkshire","Male",171.53,15.80,5.37
"E07000193","East Staffordshire","Female",110.29,18.52,21.77
"E07000193","East Staffordshire","Male",195.78,18.52,21.77
"E07000244","East Suffolk","Female",81.75,20.12,6.91
"E07000244","East Suffolk","Male",168.55,20.12,6.91
"E07000061","Eastbourne","Female",102.11,21.89,17.91
"E07000061","Eastbourne","Male",207.25,21.89,17.91
"E07000086","Eastleigh","Female",71.74,10.07,11.87
"E07000086","Eastleigh","Male",145.83,10.07,11.87
"E07000207","Elmbridge","Female",64.54,8.01,25.86
"E07000207","Elmbridge","Male",134.00,8.01,25.86
"E09000010","Enfield","Female",74.51,25.40,68.74
"E09000010","Enfield","Male",171.55,25.40,68.74
"E07000072","Epping Forest","Female",86.88,14.74,24.44
"E07000072","Epping Forest","Male",157.07,14.74,24.44
"E07000208","Epsom and Ewell","Female",60.66,8.44,30.64
"E07000208","Epsom and Ewell","Male",140.20,8.44,30.64
"E07000036","Erewash","Female",102.56,18.93,7.54
"E07000036","Erewash","Male",197.69,18.93,7.54
"E07000041","Exeter","Female",92.87,16.32,17.30
"E07000041","Exeter","Male",213.07,16.32,17.30
"E07000087","Fareham","Female",75.81,9.12,7.25
"E07000087","Fareham","Male",140.67,9.12,7.25
"E07000010","Fenland","Female",111.70,25.68,14.09
"E07000010","Fenland","Male",210.73,25.68,14.09
"E07000112","Folkestone & Hythe","Female",105.40,23.99,12.00
"E07000112","Folkestone & Hythe","Male",210.72,23.99,12.00
"E07000080","Forest of Dean","Female",85.45,18.19,5.29
"E07000080","Forest of Dean","Male",162.77,18.19,5.29
"E07000119","Fylde","Female",103.54,16.11,6.86
"E07000119","Fylde","Male",185.10,16.11,6.86
"E08000037","Gateshead","Female",149.04,28.03,9.70
"E08000037","Gateshead","Male",251.94,28.03,9.70
"E07000173","Gedling","Female",96.30,14.97,14.41
"E07000173","Gedling","Male",167.71,14.97,14.41
"E07000081","Gloucester","Female",115.00,22.10,21.97
"E07000081","Gloucester","Male",230.59,22.10,21.97
"E07000088","Gosport","Female",106.73,20.04,7.55
"E07000088","Gosport","Male",221.40,20.04,7.55
"E07000109","Gravesham","Female",83.34,20.74,31.69
"E07000109","Gravesham","Male",197.45,20.74,31.69
"E07000145","Great Yarmouth","Female",113.97,32.36,11.11
"E07000145","Great Yarmouth","Male",251.13,32.36,11.11
"E09000011","Greenwich","Female",106.91,24.28,58.60
"E09000011","Greenwich","Male",215.53,24.28,58.60
"E07000209","Guildford","Female",70.55,9.72,22.67
"E07000209","Guildford","Male",126.41,9.72,22.67
"E09000012","Hackney","Female",110.66,32.87,66.07
"E09000012","Hackney","Male",250.38,32.87,66.07
"E06000006","Halton","Female",151.22,32.88,6.36
"E06000006","Halton","Male",251.05,32.88,6.36
"E09000013","Hammersmith and Fulham","Female",105.58,22.33,61.72
"E09000013","Hammersmith and Fulham","Male",237.81,22.33,61.72
"E07000131","Harborough","Female",73.68,8.07,12.44
"E07000131","Harborough","Male",141.53,8.07,12.44
"E09000014","Haringey","Female",85.95,27.59,68.10
"E09000014","Haringey","Male",201.61,27.59,68.10
"E07000073","Harlow","Female",103.18,21.65,27.15
"E07000073","Harlow","Male",221.92,21.65,27.15
"E09000015","Harrow","Female",61.50,14.86,79.49
"E09000015","Harrow","Male",134.42,14.86,79.49
"E07000089","Hart","Female",62.09,5.68,13.07
"E07000089","Hart","Male",116.17,5.68,13.07
"E06000001","Hartlepool","Female",154.48,34.85,4.96
"E06000001","Hartlepool","Male",272.00,34.85,4.96
"E07000062","Hastings","Female",124.20,34.59,14.92
"E07000062","Hastings","Male",271.69,34.59,14.92
"E07000090","Havant","Female",100.77,21.76,6.83
"E07000090","Havant","Male",190.74,21.76,6.83
"E09000016","Havering","Female",84.72,16.35,33.51
"E09000016","Havering","Male",176.87,16.35,33.51
"E06000019","Herefordshire","Female",82.79,18.97,8.88
"E06000019","Herefordshire","Male",171.43,18.97,8.88
"E07000098","Hertsmere","Female",88.91,14.02,36.91
"E07000098","Hertsmere","Male",168.01,14.02,36.91
"E07000037","High Peak","Female",103.71,15.91,5.23
"E07000037","High Peak","Male",187.63,15.91,5.23
"E09000017","Hillingdon","Female",89.11,17.84,62.94
"E09000017","Hillingdon","Male",187.15,17.84,62.94
"E07000132","Hinckley and Bosworth","Female",79.98,13.52,9.17
"E07000132","Hinckley and Bosworth","Male",159.22,13.52,9.17
"E07000227","Horsham","Female",67.81,9.57,11.87
"E07000227","Horsham","Male",136.05,9.57,11.87
"E09000018","Hounslow","Female",90.45,21.37,71.57
"E09000018","Hounslow","Male",192.17,21.37,71.57
"E07000011","Huntingdonshire","Female",71.49,12.46,14.79
"E07000011","Huntingdonshire","Male",152.21,12.46,14.79
"E07000120","Hyndburn","Female",149.69,33.82,20.39
"E07000120","Hyndburn","Male",274.27,33.82,20.39
"E07000202","Ipswich","Female",91.68,25.70,25.38
"E07000202","Ipswich","Male",206.60,25.70,25.38
"E06000046","Isle of Wight","Female",88.05,23.29,6.24
"E06000046","Isle of Wight","Male",185.48,23.29,6.24
"E09000019","Islington","Female",113.93,27.71,60.25
"E09000019","Islington","Male",245.46,27.71,60.25
"E09000020","Kensington and Chelsea","Female",75.48,22.02,67.30
"E09000020","Kensington and Chelsea","Male",168.36,22.02,67.30
"E07000146","King's Lynn and West Norfolk","Female",93.05,23.63,11.25
"E07000146","King's Lynn and West Norfolk","Male",185.27,23.63,11.25
"E06000010","Kingston upon Hull","Female",167.44,40.34,16.12
"E06000010","Kingston upon Hull","Male",291.66,40.34,16.12
"E09000021","Kingston upon Thames","Female",73.18,11.30,46.28
"E09000021","Kingston upon Thames","Male",158.20,11.30,46.28
"E08000034","Kirklees","Female",112.68,24.87,29.46
"E08000034","Kirklees","Male",206.57,24.87,29.46
"E08000011","Knowsley","Female",186.90,43.56,7.65
"E08000011","Knowsley","Male",267.30,43.56,7.65
"E09000022","Lambeth","Female",104.30,25.80,62.41
"E09000022","Lambeth","Male",238.44,25.80,62.41
"E07000121","Lancaster","Female",129.16,24.73,12.16
"E07000121","Lancaster","Male",238.27,24.73,12.16
"E08000035","Leeds","Female",122.59,27.24,26.63
"E08000035","Leeds","Male",227.52,27.24,26.63
"E06000016","Leicester","Female",117.72,30.89,66.79
"E06000016","Leicester","Male",252.07,30.89,66.79
"E07000063","Lewes","Female",73.87,15.76,11.09
"E07000063","Lewes","Male",160.35,15.76,11.09
"E09000023","Lewisham","Female",98.65,26.87,62.83
"E09000023","Lewisham","Male",230.16,26.87,62.83
"E07000194","Lichfield","Female",80.35,12.67,7.97
"E07000194","Lichfield","Male",161.77,12.67,7.97
"E07000138","Lincoln","Female",124.83,27.39,17.26
"E07000138","Lincoln","Male",246.28,27.39,17.26
"E08000012","Liverpool","Female",175.03,42.52,22.69
"E08000012","Liverpool","Male",304.74,42.52,22.69
"E06000032","Luton","Female",105.22,25.03,68.24
"E06000032","Luton","Male",218.50,25.03,68.24
"E07000110","Maidstone","Female",82.02,16.18,18.02
"E07000110","Maidstone","Male",162.24,16.18,18.02
"E07000074","Maldon","Female",90.10,14.02,5.96
"E07000074","Maldon","Male",159.80,14.02,5.96
"E07000235","Malvern Hills","Female",78.05,16.12,6.66
"E07000235","Malvern Hills","Male",143.03,16.12,6.66
"E08000003","Manchester","Female",193.06,39.99,51.34
"E08000003","Manchester","Male",326.00,39.99,51.34
"E07000174","Mansfield","Female",127.16,28.43,12.68
"E07000174","Mansfield","Male",239.00,28.43,12.68
"E06000035","Medway","Female",110.74,23.79,21.74
"E06000035","Medway","Male",212.60,23.79,21.74
"E07000133","Melton","Female",84.32,12.56,7.13
"E07000133","Melton","Male",164.58,12.56,7.13
"E09000024","Merton","Female",80.55,14.35,58.79
"E09000024","Merton","Male",162.60,14.35,58.79
"E07000042","Mid Devon","Female",77.83,17.32,6.22
"E07000042","Mid Devon","Male",148.85,17.32,6.22
"E07000203","Mid Suffolk","Female",63.67,13.39,5.96
"E07000203","Mid Suffolk","Male",133.45,13.39,5.96
"E07000228","Mid Sussex","Female",55.71,7.74,14.15
"E07000228","Mid Sussex","Male",142.47,7.74,14.15
"E06000002","Middlesbrough","Female",176.63,40.44,20.50
"E06000002","Middlesbrough","Male",296.15,40.44,20.50
"E06000042","Milton Keynes","Female",98.29,17.95,37.79
"E06000042","Milton Keynes","Male",195.45,17.95,37.79
"E07000210","Mole Valley","Female",64.51,9.14,14.19
"E07000210","Mole Valley","Male",148.06,9.14,14.19
"E07000091","New Forest","Female",73.82,13.11,6.79
"E07000091","New Forest","Male",142.58,13.11,6.79
"E07000175","Newark and Sherwood","Female",98.89,19.03,8.96
"E07000175","Newark and Sherwood","Male",172.70,19.03,8.96
"E07000195","Newcastle-under-Lyme","Female",110.42,19.19,10.02
"E07000195","Newcastle-under-Lyme","Male",205.16,19.19,10.02
"E08000021","Newcastle upon Tyne","Female",141.80,29.85,25.51
"E08000021","Newcastle upon Tyne","Male",268.43,29.85,25.51
"E09000025","Newham","Female",104.06,29.77,85.24
"E09000025","Newham","Male",211.81,29.77,85.24
"E07000043","North Devon","Female",99.51,20.81,5.75
"E07000043","North Devon","Male",189.66,20.81,5.75
"E07000038","North East Derbyshire","Female",87.64,17.19,4.26
"E07000038","North East Derbyshire","Male",170.34,17.19,4.26
"E06000012","North East Lincolnshire","Female",124.56,32.05,7.39
"E06000012","North East Lincolnshire","Male",262.81,32.05,7.39
"E07000099","North Hertfordshire","Female",78.41,11.83,18.70
"E07000099","North Hertfordshire","Male",147.36,11.83,18.70
"E07000139","North Kesteven","Female",79.83,11.66,5.73
"E07000139","North Kesteven","Male",150.80,11.66,5.73
"E06000013","North Lincolnshire","Female",114.74,21.93,11.27
"E06000013","North Lincolnshire","Male",218.12,21.93,11.27
"E07000147","North Norfolk","Female",77.08,21.11,4.44
"E07000147","North Norfolk","Male",163.13,21.11,4.44
"E06000024","North Somerset","Female",84.01,15.88,9.60
"E06000024","North Somerset","Male",172.40,15.88,9.60
"E08000022","North Tyneside","Female",126.54,22.11,7.50
"E08000022","North Tyneside","Male",243.01,22.11,7.50
"E07000218","North Warwickshire","Female",96.82,17.99,6.82
"E07000218","North Warwickshire","Male",189.18,17.99,6.82
"E07000134","North West Leicestershire","Female",94.74,14.76,7.90
"E07000134","North West Leicestershire","Male",169.05,14.76,7.90
"E06000057","Northumberland","Female",109.40,21.90,3.92
"E06000057","Northumberland","Male",201.59,21.90,3.92
"E07000148","Norwich","Female",117.74,28.08,22.44
"E07000148","Norwich","Male",237.20,28.08,22.44
"E06000018","Nottingham","Female",145.62,35.73,42.66
"E06000018","Nottingham","Male",278.96,35.73,42.66
"E07000219","Nuneaton and Bedworth","Female",110.52,22.88,18.18
"E07000219","Nuneaton and Bedworth","Male",212.96,22.88,18.18
"E07000135","Oadby and Wigston","Female",83.02,13.15,40.24
"E07000135","Oadby and Wigston","Male",175.97,13.15,40.24
"E08000004","Oldham","Female",151.36,32.29,34.77
"E08000004","Oldham","Male",259.98,32.29,34.77
"E07000178","Oxford","Female",91.52,16.99,46.51
"E07000178","Oxford","Male",189.02,16.99,46.51
"E07000122","Pendle","Female",128.23,30.24,33.87
"E07000122","Pendle","Male",232.89,30.24,33.87
"E06000031","Peterborough","Female",107.37,27.61,40.49
"E06000031","Peterborough","Male",227.04,27.61,40.49
"E06000026","Plymouth","Female",118.75,26.37,10.54
"E06000026","Plymouth","Male",220.65,26.37,10.54
"E06000044","Portsmouth","Female",131.40,26.82,22.28
"E06000044","Portsmouth","Male",257.67,26.82,22.28
"E07000123","Preston","Female",145.75,28.93,33.90
"E07000123","Preston","Male",259.85,28.93,33.90
"E06000038","Reading","Female",99.70,19.96,46.52
"E06000038","Reading","Male",209.94,19.96,46.52
"E09000026","Redbridge","Female",64.90,16.91,76.84
"E09000026","Redbridge","Male",153.63,16.91,76.84
"E06000003","Redcar and Cleveland","Female",139.01,29.84,3.47
"E06000003","Redcar and Cleveland","Male",237.36,29.84,3.47
"E07000236","Redditch","Female",96.18,22.39,17.57
"E07000236","Redditch","Male",186.87,22.39,17.57
"E07000211","Reigate and Banstead","Female",74.29,11.38,23.13
"E07000211","Reigate and Banstead","Male",157.39,11.38,23.13
"E07000124","Ribble Valley","Female",94.90,10.30,5.93
"E07000124","Ribble Valley","Male",151.08,10.30,5.93
"E09000027","Richmond upon Thames","Female",73.16,9.42,36.96
"E09000027","Richmond upon Thames","Male",144.50,9.42,36.96
"E08000005","Rochdale","Female",161.41,33.31,29.99
"E08000005","Rochdale","Male",265.22,33.31,29.99
"E07000075","Rochford","Female",62.79,10.53,6.21
"E07000075","Rochford","Male",140.89,10.53,6.21
"E07000125","Rossendale","Female",125.42,24.96,9.59
"E07000125","Rossendale","Male",218.78,24.96,9.59
"E07000064","Rother","Female",82.98,19.80,8.33
"E07000064","Rother","Male",169.33,19.80,8.33
"E08000018","Rotherham","Female",125.07,29.35,11.74
"E08000018","Rotherham","Male",221.50,29.35,11.74
"E07000220","Rugby","Female",90.11,13.91,25.08
"E07000220","Rugby","Male",176.58,13.91,25.08
"E07000212","Runnymede","Female",90.17,12.26,27.38
"E07000212","Runnymede","Male",163.76,12.26,27.38
"E07000176","Rushcliffe","Female",64.92,7.29,13.94
"E07000176","Rushcliffe","Male",140.03,7.29,13.94
"E07000092","Rushmoor","Female",104.59,15.66,28.91
"E07000092","Rushmoor","Male",181.52,15.66,28.91
"E06000017","Rutland","Female",63.12,8.71,8.96
"E06000017","Rutland","Male",126.43,8.71,8.96
"E08000006","Salford","Female",161.55,34.00,26.05
"E08000006","Salford","Male",280.32,34.00,26.05
"E08000028","Sandwell","Female",125.29,34.88,47.95
"E08000028","Sandwell","Male",261.08,34.88,47.95
"E08000014","Sefton","Female",125.66,27.28,8.20
"E08000014","Sefton","Male",225.49,27.28,8.20
"E07000111","Sevenoaks","Female",74.62,12.57,14.44
"E07000111","Sevenoaks","Male",137.21,12.57,14.44
"E08000019","Sheffield","Female",115.10,26.95,25.48
"E08000019","Sheffield","Male",210.79,26.95,25.48
"E06000051","Shropshire","Female",83.99,17.40,6.70
"E06000051","Shropshire","Male",170.28,17.40,6.70
"E06000039","Slough","Female",119.48,23.02,75.96
"E06000039","Slough","Male",219.37,23.02,75.96
"E08000029","Solihull","Female",88.06,17.75,22.12
"E08000029","Solihull","Male",168.05,17.75,22.12
"E07000012","South Cambridgeshire","Female",64.97,8.62,20.44
"E07000012","South Cambridgeshire","Male",119.63,8.62,20.44
"E07000039","South Derbyshire","Female",97.28,14.52,9.86
"E07000039","South Derbyshire","Male",186.03,14.52,9.86
"E06000025","South Gloucestershire","Female",74.65,11.62,14.21
"E06000025","South Gloucestershire","Male",150.13,11.62,14.21
"E07000044","South Hams","Female",63.96,13.59,5.81
"E07000044","South Hams","Male",136.86,13.59,5.81
"E07000140","South Holland","Female",102.09,18.02,15.64
"E07000140","South Holland","Male",188.78,18.02,15.64
"E07000141","South Kesteven","Female",81.03,13.32,9.53
"E07000141","South Kesteven","Male",156.35,13.32,9.53
"E07000149","South Norfolk","Female",69.27,13.63,8.21
"E07000149","South Norfolk","Male",132.80,13.63,8.21
"E07000179","South Oxfordshire","Female",64.21,8.33,14.22
"E07000179","South Oxfordshire","Male",122.93,8.33,14.22
"E07000126","South Ribble","Female",107.69,15.74,7.16
"E07000126","South Ribble","Male",181.88,15.74,7.16
"E07000196","South Staffordshire","Female",81.03,13.20,7.82
"E07000196","South Staffordshire","Male",158.08,13.20,7.82
"E08000023","South Tyneside","Female",149.04,31.54,7.00
"E08000023","South Tyneside","Male",274.54,31.54,7.00
"E06000045","Southampton","Female",124.62,27.26,31.91
"E06000045","Southampton","Male",244.24,27.26,31.91
"E06000033","Southend-on-Sea","Female",105.50,21.70,18.40
"E06000033","Southend-on-Sea","Male",203.05,21.70,18.40
"E09000028","Southwark","Female",109.93,26.04,64.49
"E09000028","Southwark","Male",235.94,26.04,64.49
"E07000213","Spelthorne","Female",75.39,14.86,30.79
"E07000213","Spelthorne","Male",158.88,14.86,30.79
"E07000240","St Albans","Female",65.39,8.34,26.46
"E07000240","St Albans","Male",139.39,8.34,26.46
"E08000013","St. Helens","Female",135.55,31.51,6.39
"E08000013","St. Helens","Male",244.82,31.51,6.39
"E07000197","Stafford","Female",85.80,13.54,9.99
"E07000197","Stafford","Male",165.59,13.54,9.99
"E07000198","Staffordshire Moorlands","Female",89.20,15.21,3.42
"E07000198","Staffordshire Moorlands","Male",171.67,15.21,3.42
"E07000243","Stevenage","Female",107.72,19.67,24.70
"E07000243","Stevenage","Male",199.13,19.67,24.70
"E08000007","Stockport","Female",103.55,20.29,16.60
"E08000007","Stockport","Male",197.36,20.29,16.60
"E06000004","Stockton-on-Tees","Female",133.72,25.24,9.70
"E06000004","Stockton-on-Tees","Male",232.05,25.24,9.70
"E06000021","Stoke-on-Trent","Female",146.75,34.04,21.47
"E06000021","Stoke-on-Trent","Male",270.84,34.04,21.47
"E07000221","Stratford-on-Avon","Female",69.39,11.75,9.94
"E07000221","Stratford-on-Avon","Male",151.08,11.75,9.94
"E07000082","Stroud","Female",76.20,10.82,7.60
"E07000082","Stroud","Male",164.27,10.82,7.60
"E08000024","Sunderland","Female",148.00,30.64,7.12
"E08000024","Sunderland","Male",260.03,30.64,7.12
"E07000214","Surrey Heath","Female",70.51,7.96,22.09
"E07000214","Surrey Heath","Male",130.06,7.96,22.09
"E09000029","Sutton","Female",88.79,13.82,42.75
"E09000029","Sutton","Male",166.53,13.82,42.75
"E07000113","Swale","Female",100.86,27.34,11.40
"E07000113","Swale","Male",206.18,27.34,11.40
"E06000030","Swindon","Female",97.37,18.51,25.78
"E06000030","Swindon","Male",191.63,18.51,25.78
"E08000008","Tameside","Female",147.23,30.82,17.64
"E08000008","Tameside","Male",272.29,30.82,17.64
"E07000199","Tamworth","Female",115.48,20.98,9.14
"E07000199","Tamworth","Male",189.85,20.98,9.14
"E07000215","Tandridge","Female",66.30,12.06,16.54
"E07000215","Tandridge","Male",148.40,12.06,16.54
"E07000045","Teignbridge","Female",77.38,15.66,5.09
"E07000045","Teignbridge","Male",169.29,15.66,5.09
"E06000020","Telford and Wrekin","Female",116.10,25.34,17.03
"E06000020","Telford and Wrekin","Male",215.58,25.34,17.03
"E07000076","Tendring","Female",123.86,30.04,6.53
"E07000076","Tendring","Male",230.61,30.04,6.53
"E07000093","Test Valley","Female",71.46,11.60,11.97
"E07000093","Test Valley","Male",145.71,11.60,11.97
"E07000083","Tewkesbury","Female",84.18,12.10,9.66
"E07000083","Tewkesbury","Male",159.12,12.10,9.66
"E07000114","Thanet","Female",118.78,30.32,12.65
"E07000114","Thanet","Male",244.56,30.32,12.65
"E07000102","Three Rivers","Female",72.99,9.83,32.06
"E07000102","Three Rivers","Male",152.19,9.83,32.06
"E06000034","Thurrock","Female",105.46,20.63,33.84
"E06000034","Thurrock","Male",195.33,20.63,33.84
"E07000115","Tonbridge and Malling","Female",74.11,13.16,11.66
"E07000115","Tonbridge and Malling","Male",151.73,13.16,11.66
"E06000027","Torbay","Female",105.08,27.76,7.86
"E06000027","Torbay","Male",218.14,27.76,7.86
"E07000046","Torridge","Female",82.99,23.01,3.91
"E07000046","Torridge","Male",187.06,23.01,3.91
"E09000030","Tower Hamlets","Female",134.52,27.97,77.06
"E09000030","Tower Hamlets","Male",266.69,27.97,77.06
"E08000009","Trafford","Female",104.97,15.91,27.87
"E08000009","Trafford","Male",191.16,15.91,27.87
"E07000116","Tunbridge Wells","Female",75.51,11.35,15.84
"E07000116","Tunbridge Wells","Male",154.84,11.35,15.84
"E07000077","Uttlesford","Female",63.75,9.28,11.06
"E07000077","Uttlesford","Male",135.24,9.28,11.06
"E07000180","Vale of White Horse","Female",66.96,8.38,16.84
"E07000180","Vale of White Horse","Male",135.30,8.38,16.84
"E08000036","Wakefield","Female",129.83,27.24,11.81
"E08000036","Wakefield","Male",231.52,27.24,11.81
"E08000030","Walsall","Female",118.57,30.71,32.59
"E08000030","Walsall","Male",244.39,30.71,32.59
"E09000031","Waltham Forest","Female",95.99,25.14,65.96
"E09000031","Waltham Forest","Male",199.07,25.14,65.96
"E09000032","Wandsworth","Female",92.91,16.42,52.05
"E09000032","Wandsworth","Male",191.84,16.42,52.05
"E06000007","Warrington","Female",108.63,18.96,11.87
"E06000007","Warrington","Male",200.93,18.96,11.87
"E07000222","Warwick","Female",74.78,12.07,24.12
"E07000222","Warwick","Male",155.79,12.07,24.12
"E07000103","Watford","Female",91.49,15.43,54.21
"E07000103","Watford","Male",182.97,15.43,54.21
"E07000216","Waverley","Female",59.96,7.62,13.18
"E07000216","Waverley","Male",129.78,7.62,13.18
"E07000065","Wealden","Female",68.98,12.49,8.23
"E07000065","Wealden","Male",142.75,12.49,8.23
"E07000241","Welwyn Hatfield","Female",80.46,14.00,32.78
"E07000241","Welwyn Hatfield","Male",170.56,14.00,32.78
"E06000037","West Berkshire","Female",73.83,9.89,14.37
"E06000037","West Berkshire","Male",156.02,9.89,14.37
"E07000047","West Devon","Female",74.14,18.01,5.08
"E07000047","West Devon","Male",150.18,18.01,5.08
"E07000127","West Lancashire","Female",105.13,18.82,7.18
"E07000127","West Lancashire","Male",191.41,18.82,7.18
"E07000142","West Lindsey","Female",83.32,20.90,5.45
"E07000142","West Lindsey","Male",168.73,20.90,5.45
"E07000181","West Oxfordshire","Female",67.11,8.77,11.02
"E07000181","West Oxfordshire","Male",131.53,8.77,11.02
"E07000245","West Suffolk","Female",84.91,16.08,17.79
"E07000245","West Suffolk","Male",165.69,16.08,17.79
"E09000033","Westminster","Female",82.96,20.33,72.01
"E09000033","Westminster","Male",182.10,20.33,72.01
"E08000010","Wigan","Female",135.54,25.53,8.15
"E08000010","Wigan","Male",235.79,25.53,8.15
"E06000054","Wiltshire","Female",76.40,13.57,9.94
"E06000054","Wiltshire","Male",154.92,13.57,9.94
"E07000094","Winchester","Female",64.29,9.67,11.88
"E07000094","Winchester","Male",140.04,9.67,11.88
"E06000040","Windsor and Maidenhead","Female",69.68,8.46,30.95
"E06000040","Windsor and Maidenhead","Male",158.69,8.46,30.95
"E08000015","Wirral","Female",130.72,29.43,7.57
"E08000015","Wirral","Male",234.38,29.43,7.57
"E07000217","Woking","Female",77.70,10.57,32.74
"E07000217","Woking","Male",141.79,10.57,32.74
"E06000041","Wokingham","Female",62.65,5.82,27.28
"E06000041","Wokingham","Male",121.78,5.82,27.28
"E08000031","Wolverhampton","Female",121.26,31.52,45.28
"E08000031","Wolverhampton","Male",247.33,31.52,45.28
"E07000237","Worcester","Female",95.55,21.26,17.33
"E07000237","Worcester","Male",197.28,21.26,17.33
"E07000229","Worthing","Female",83.32,16.77,14.96
"E07000229","Worthing","Male",198.42,16.77,14.96
"E07000238","Wychavon","Female",77.41,15.69,9.39
"E07000238","Wychavon","Male",158.47,15.69,9.39
"E07000128","Wyre","Female",110.93,22.13,4.27
"E07000128","Wyre","Male",207.87,22.13,4.27
"E07000239","Wyre Forest","Female",101.69,21.42,7.53
"E07000239","Wyre Forest","Male",196.43,21.42,7.53
"E06000014","York","Female",94.74,11.94,12.75
"E06000014","York","Male",179.20,11.94,12.75
